Blocker ID	Blocker	What prevents execution	Class	Affected stage	Evidence	Minimum change	Status	Status Evidence
B1	pipeline/ and q_control/ absent from repo	ImportError: pipeline (12 modules) and q_control (2 modules)	Repository packaging	1 (mp_metagenomic_assessment_v4.py)	audit/static_validation_results.txt §2, §7	Copy SMART-CAMP pipeline/ (19 modules used) and q_control/ into repo root	RESOLVED (2026-10-02)	pipeline/ (21 files) and q_control/ (2) copied byte-identical from SMART-CAMP 65a94b3a; all 21 local imports from mp_metagenomic_assessment_v4.py resolve (audit/packaging_import_check_results.txt; static_validation_results_packaging.txt §2). Runtime still needs pandas/numpy (B6)
B2	map_genome_to_reads.py at repo root; bespoke_parse_map_reads.py and pre_trim_fq.py absent	Documented path ./pipeline/map_genome_to_reads.py missing; ImportError on siblings	Repository packaging	1b (lambda QC branch)	results §2, §4 (protocol L44-45)	Move into pipeline/ with siblings	RESOLVED (2026-10-02)	pipeline/map_genome_to_reads.py + bespoke_parse_map_reads.py + pre_trim_fq.py present; imports resolve; protocol L44-45 path now 'path OK'. Root map_genome_to_reads.py retained as misplaced duplicate (decision pending)
B3	Duplicate -e in run_coverage.py (1c782e3e)	argparse.ArgumentError before parsing; all 37 documented invocations fail	Code defect	2 (run_coverage.py)	results §3-4	Current CLI decision: -x/--extract-fastq for extraction; --edit-distance FLOAT (default 0.15) for the threshold; no -e	RESOLVED (2026-10-02)	run_coverage.py L1329 '-x/--extract-fastq'; L1333 '--edit-distance' (dest edit_distance_threshold, default 0.15). Parser constructs; real --help exits 0; '--edit-distance 0.15', '-x', '--edit-distance 0.15 -x' parse; default 0.15; '-e' rejected; all 8 current protocol commands use '--edit-distance 0.15' and parse; none uses -e (audit/static_validation_results_cli.txt §3,§4,§8)
B4	Stage 6 writes MetaFilt-Fifth-Pass.csv; stage 7 reads MetaFilt-Fourth-Pass.csv	FileNotFoundError in stage 7 when run in documented order	Code defect (+ project decision)	6 -> 7	results §6; count_the_screen.py:564; collect_taxid_primary_counts.py:91,179	Align file names; decide intended input	RESOLVED (2026-10-02)	collect_taxid_primary_counts.py L91,179 now read MetaFilt-Fifth-Pass.csv = count_the_screen.py:564 output (results_b3b4 §6, §8). Output name at L182 still says Fourth-Pass (open decision, see INVENTORY §23)
B5	No sample-sheet template/schema in repo	User cannot build the .txt (stage 1/1b) and .csv (stages 2-6, needs Spike_species) sheets	Documentation (+ packaging)	all	results §7	Add configs/ with example sheets and schema	PARTIALLY RESOLVED (2026-10-02)	Packaging part done: configs/ holds ADVTIG 9-2 and Viral_FDA 16-2 sheets; CONFIGURATION-FILE-INPUTS.txt schema copied. Open: single documented schema (.txt vs .csv, Spike_species, stage-7 hard-coded samples); references still point to /home/james/SMART-CAMP/configs (B9)
B6	No Python environment definition	pandas, numpy, pysam, Biopython not specified/installed	Environment	all	results §2 (no env files)	environment.yml with pinned versions incl. pysam	OPEN	Pipfile/Pipfile.lock now in repo as historical metadata only (unchanged); still lack pysam and CLI tools
B7	CLI tools unspecified	centrifuge, porechop, NanoPlot, minimap2, samtools>=1.10, rg, GNU awk not documented/installed; historical versions unknown	Environment	1-7	command -v checks	Pin chosen versions in environment.yml	OPEN	unchanged by packaging pass 2026-10-02; unchanged by B3/B4 pass 2026-10-02
B8	No run-book of current commands, no input layout/output docs	Ambiguous stage commands; user cannot place reads	Documentation	all	README 16 B; protocol mixes historical/unrelated commands; URVDB.md fails bash -n	README + clean run-book; input layout {DIR}/{sample}/{run}/fastq_pass + sequencing_summary	OPEN	unchanged by packaging pass 2026-10-02; unchanged by B3/B4 pass 2026-10-02
B9	Hard-coded absolute paths (43 occurrences across 7 scripts)	Stages cannot locate user-supplied DB/panels/data without source edits; stage 7 hard-codes dataset root + 6 sample names	Code defect	2-7, 0b	grep count in §21	CLI options or one config file for dataset root, DB root, panel dir, sample list	OPEN	unchanged by packaging pass 2026-10-02; unchanged by B3/B4 pass 2026-10-02
B10	Centrifuge mini-u-viral2 index, URVDB_split_fa/, index JSON, fixed_URVDB_seqID2.map, RVDB2_seqID.map not supplied	Stages 1-3 have no classification DB / references	Missing reference resource (deterministically buildable after release decision)	0a, 0b -> 1-3	§8; split_fa config only in SMART-CAMP git 7f6e9993	Reference build script + RVDB release manifest	OPEN	unchanged by packaging pass 2026-10-02; unchanged by B3/B4 pass 2026-10-02
B11	Mammalian panels (all_mammalian_targets2.mmi, mammalian_ref_species2.tsv, ADV5.mmi, all_mammalian.mmi, lambda DNA CS) not supplied	Stage 5 panels absent; partial/contradictory recipes	Missing reference resource (deterministically buildable)	0c -> 5	§9	Build script with single resolved recipe; manifest of accessions	OPEN	unchanged by packaging pass 2026-10-02; unchanged by B3/B4 pass 2026-10-02
B12	viral-input-sequences.* and bacterial-input-sequences.* panels	Source FASTAs unknown/absent; no procedure	Missing reference resource (project decision)	0c -> 5, 6	§9	Choose substitute sources or declare user-supplied with format	OPEN	unchanged by packaging pass 2026-10-02; unchanged by B3/B4 pass 2026-10-02
B13	Literal '~' in -ci; unchecked tool exit codes; stage 1 requires sequencing_summary	Silent Centrifuge failure followed by misleading crash	Code defect / Documentation	1	stage-1 trace (§3)	Expand ~ or document absolute path; document sequencing_summary requirement	OPEN	unchanged by packaging pass 2026-10-02; unchanged by B3/B4 pass 2026-10-02
-	Raw ONT reads	Expected user input (not a blocker if B8 documents format/layout)	Expected user-supplied input	1	§10	Document input specification	n/a (user input)	unchanged by packaging pass 2026-10-02; unchanged by B3/B4 pass 2026-10-02
