Path	Type	Size	Category	Probable Purpose	Referenced By	External Dependency	Generated Or Source	Migration Relevance	Notes	Source Path	Source Repository	Source Commit	Byte Identical To Source
README.md	Markdown	16 B	documentation	Title only	none	none	source	Low	Only git-tracked file	n/a	n/a	n/a	n/a
ADVTIG-protocol.md	Markdown (bash run-book)	26,304 B	documentation / orchestration	Manual run order; DB/panel build recipes; historical runs; P. aeruginosa appendix	none	SMART-CAMP; /mnt/usersData; /home/james	source	Critical	CURRENT CLI DECISION 2026-10-02: all 8 current run_coverage lines (L59-62, L106-109) use '--edit-distance 0.15' (extraction L59/L106: '--edit-distance 0.15 -x'); each carries a trailing note with its 1c782e3e original text. Historical commented lines L39, L119, L126 tagged [HISTORICAL ...], commands unchanged. deep_cov/counter_screen/count_the_screen lines still use their own '-e 0.15' (out of scope). Two conflicting mammalian_ref_species2.tsv recipes remain	/mnt/d/GitHub/SMART-CAMP/ADVTIG-protocol.md	SMART-CAMP	HEAD 65a94b3a (last changed 2bd2887a); copied before packaging pass	NO: modified in B3 pass (annotations + 2 current commands, documented); otherwise = SMART-CAMP HEAD
mp_metagenomic_assessment_v4.py	Python 3 script	33,455 B	source code	Stage 1: NanoPlot, porechop trimming, Centrifuge (mini-u-viral2) classification	ADVTIG-protocol.md; URVDB.md	pipeline/* and q_control/* (in repo since 2026-10-02); centrifuge; porechop; NanoPlot; pandas; Centrifuge index	source	Critical	= SMART-CAMP HEAD (md5 83e36075); pipeline/ and q_control/ imports now resolve in-repo (packaging pass 2026-10-02); literal '~' in -ci; unchecked tool exit codes; ends with read of nanoplot_summary_data.csv	/mnt/d/GitHub/SMART-CAMP/mp_metagenomic_assessment_v4.py	SMART-CAMP	HEAD 65a94b3a (last changed 81678b9a); copied before packaging pass	yes (re-verified 2026-10-02)
map_genome_to_reads.py	Python 3 script	39,255 B	duplicate (misplaced copy)	Lambda/control mapping QC side-branch (outputs analysis/bespoke/*, not consumed downstream)	ADVTIG-protocol.md L44-45 (as ./pipeline/map_genome_to_reads.py)	bespoke_parse_map_reads.py, pre_trim_fq.py (SMART-CAMP pipeline/); minimap2; samtools; lambda FASTA	source	Low (duplicate)	MISPLACED DUPLICATE: byte-identical to canonical pipeline/map_genome_to_reads.py (copied 2026-10-02). Retained pending decision; cannot import its siblings from repo root (audit/packaging_import_check_results.txt)	/mnt/d/GitHub/SMART-CAMP/pipeline/map_genome_to_reads.py	SMART-CAMP	HEAD 65a94b3a (last changed b16899bb); copied before packaging pass	yes (re-verified 2026-10-02)
ADVTIG-untargeted/URVDB.md	Markdown (bash log)	24,530 B	documentation / reference build	RVDB cleaning, seqID maps, centrifuge-build recipes (mini-u-viral2 at L45-107)	none	U-RVDBvCurrent.fasta; accession2taxid; taxdump; centrifuge-build	source	High	Only record of mini-u-viral2 build; release not stated; 2026-10-02: note appended (L474-476) marking all run_coverage/deep_cov commands here as HISTORICAL (old -e extract, -c model)	/mnt/d/GitHub/SMART-CAMP/ADVTIG-untargeted/URVDB.md	SMART-CAMP	HEAD 65a94b3a (last changed 36a41439); copied before packaging pass	NO: modified in B3 pass (3-line historical note appended at end of code block); otherwise = SMART-CAMP HEAD
ADVTIG-untargeted/run_coverage.py	Python 3 script	61,737 B	source code	Stage 2 CLI + library functions used by deep_cov	ADVTIG-protocol.md; deep_cov.py (import)	pysam, Biopython; minimap2; samtools; RVDB split collection, JSON, maps	source	Critical	CURRENT CLI DECISION 2026-10-02 (supersedes B3 interim '-e FLOAT'): extraction = -x/--extract-fastq (L1329); edit distance = --edit-distance FLOAT, dest edit_distance_threshold, DEFAULT 0.15 (L1333; was -e/--edit-distance-threshold default 0.1 at 1c782e3e); no -e option. Historical: -e meant extract FASTQ (to aff9daba); 1c782e3e added a 2nd -e (ED) -> argparse conflict. ED calculation code untouched. Evidence audit/static_validation_results_cli.txt §3,§4,§8	/mnt/d/GitHub/SMART-CAMP/ADVTIG-untargeted/run_coverage.py	SMART-CAMP	HEAD 65a94b3a (last changed 1c782e3e); copied before packaging pass	NO: modified (2 parser lines, documented in INVENTORY §23-24); otherwise = SMART-CAMP HEAD
ADVTIG-untargeted/deep_cov.py	Python 3 script	21,390 B	source code	Stage 3: metagenomic filter (adapted from methylfilter filter_short_hitlength_backend), per-TaxID dedup/realign, ED re-extraction (-x)	ADVTIG-protocol.md	run_coverage.py functions	source	Critical	Works as committed (-e float, -x extract since 1c782e3e); probable route of historical 15% ED outputs	/mnt/d/GitHub/SMART-CAMP/ADVTIG-untargeted/deep_cov.py	SMART-CAMP	HEAD 65a94b3a (last changed eb8f5325); copied before packaging pass	yes (re-verified 2026-10-02)
ADVTIG-untargeted/filt_low_complexity.py	Python 3 script	6,914 B	source code	Stage 4: k-mer complexity	ADVTIG-protocol.md	pysam	source	High	BAM glob only matches float TaxIDs (e4617a07); low_reads list never filled	/mnt/d/GitHub/SMART-CAMP/ADVTIG-untargeted/filt_low_complexity.py	SMART-CAMP	HEAD 65a94b3a (last changed bda8c08b); copied before packaging pass	yes (re-verified 2026-10-02)
ADVTIG-untargeted/counter_screen.py	Python 3 script	38,492 B	source code	Stage 5: counter-screen vs mammalian/viral/bacterial panels	ADVTIG-protocol.md	minimap2; samtools; .mmi/.tsv panels	source	High	Thresholds changed over time (Depth1X 0.8->0.7->0.6->0.35->0.6); see INVENTORY §6-7	/mnt/d/GitHub/SMART-CAMP/ADVTIG-untargeted/counter_screen.py	SMART-CAMP	HEAD 65a94b3a (last changed db6c8b67); copied before packaging pass	yes (re-verified 2026-10-02)
ADVTIG-untargeted/count_the_screen.py	Python 3 script	25,751 B	source code	Stage 6: best-hit summaries; --skip writes MetaFilt-Fifth-Pass.csv (was MetaFilt-Fourth-Pass.csv until a68d1880, 2026-02-02)	ADVTIG-protocol.md	viral/bacterial TSVs	source	High	Producer of Fourth Pass found in history	/mnt/d/GitHub/SMART-CAMP/ADVTIG-untargeted/count_the_screen.py	SMART-CAMP	HEAD 65a94b3a (last changed aa1325e3); copied before packaging pass	yes (re-verified 2026-10-02)
ADVTIG-untargeted/collect_taxid_primary_counts.py	Python 3 script	6,573 B	source code	Stage 7: dedup primary read counts per Sample x TaxID; run 3x	ADVTIG-protocol.md	samtools; rg; MetaFilt-Fourth-Pass.csv	source	High	B4 FIXED 2026-10-02: FILTER_CSV at L91 and L179 now MetaFilt-Fifth-Pass.csv (was MetaFilt-Fourth-Pass.csv), matching count_the_screen.py:564. Output name L182 'Deduplicated-Read-Counts-MetaFilt-Fourth-Pass-FILTERED.csv' deliberately unchanged (see INVENTORY §23). Still uses key columns only; 6 samples hard-coded	/mnt/d/GitHub/SMART-CAMP/ADVTIG-untargeted/collect_taxid_primary_counts.py	SMART-CAMP	HEAD 65a94b3a (last changed f36a000d); copied before packaging pass	NO: modified in B4 pass (2 lines, documented); otherwise = SMART-CAMP HEAD
ADVTIG-untargeted/split_fa.py	Python 3 script	3,620 B	source code / DB utility	Split FASTA -> per-sequence files + JSON index	ADVTIG-protocol.md; URVDB.md	pandas	source	High	Current config = PLSDB; configuration that built URVDB_split_fa is commit 7f6e9993	/mnt/d/GitHub/SMART-CAMP/ADVTIG-untargeted/split_fa.py	SMART-CAMP	HEAD 65a94b3a (last changed ee10cc0b); copied before packaging pass	yes (re-verified 2026-10-02)
ADVTIG-untargeted/summarise_urvdb.py	Python 3 script	2,993 B	source code (ad hoc)	Summarise FIRST/SECOND pass tables	none	/mnt/e/SequencingData/ADVTIG_primary	source	Low	Misnamed; inputs in 'Prior analyses/'	/mnt/d/GitHub/SMART-CAMP/ADVTIG-untargeted/summarise_urvdb.py	SMART-CAMP	HEAD 65a94b3a (last changed cfe9b7fa); copied before packaging pass	yes (re-verified 2026-10-02)
WORKFLOW_INVENTORY.md / .tsv / WORKFLOW_MISSING_DEPENDENCIES.tsv	Markdown / TSV	~60 KB	documentation (audit)	This audit	n/a	none	generated	Low	Revision 5 (adds §22 packaging pass)	n/a	n/a	n/a	n/a
[external] /mnt/d/GitHub/SMART-CAMP/	git repo (HEAD 65a94b3a)	not measured	source code + config (parent repo)	Upstream of all copied files; holds pipeline/, q_control/, configs/, Pipfile, docs (Seq commands.md), full history	md5 match	—	source	Critical	Needed for: packages, sample sheets, environment, split_fa@7f6e9993, count_the_screen Fourth-Pass naming @e4617a07, run_coverage@aff9daba; Packaging pass 2026-10-02: 36 files copied (see rows below)	n/a	n/a	n/a	n/a
[external] /mnt/d/GitHub/SMART-CAMP/pipeline/ + q_control/	Python modules	~19 used	source code	Stage-1 and map_genome_to_reads imports (12+2 direct, 5 second-level, 2 map_genome siblings)	mp_metagenomic_assessment_v4.py; map_genome_to_reads.py	stdlib, pandas, numpy	source	Critical	Packaging pass 2026-10-02: required closure (21 pipeline files incl. __init__.py + 2 q_control) copied into repo; unused pipeline modules not copied	n/a	n/a	n/a	n/a
[external] /mnt/d/GitHub/SMART-CAMP/configs/viral_DNA_all9-2*.{txt,csv}, viral_DNA_all16-2.{txt,csv}	CSV/TXT sample sheets	<1 KB each	configuration	ADVTIG (6 samples) and Viral_FDA (5 samples) definitions	all stages	—	source	Critical	Packaging pass 2026-10-02: copied to configs/ with 9-2-1/-4/-5/-6 CSVs and 9-2-5/-6 TXTs; contents unchanged	n/a	n/a	n/a	n/a
[external] /mnt/d/GitHub/SMART-CAMP/Pipfile, Pipfile.lock	environment definition	294 B / 213 KB	environment	py3.10, pandas 1.4.3, numpy 1.23, biopython 1.85	none	—	source	High	pysam absent; no CLI tool versions; Packaging pass 2026-10-02: copied unchanged to repo root as historical metadata	n/a	n/a	n/a	n/a
[external] /home/mangifera/methylfilter/Power/glue.py	Python script	15,510 B	unrelated source code	methylfilter panel-JSON builder; only shares sample-sheet convention	help text '(same as glue.py)' only	—	source	None	Not a workflow dependency	n/a	n/a	n/a	n/a
[external] /mnt/e/SequencingData/ADVTIG_fa/	FASTA (.fa/.fna/.gz/.zip)	4.8 GB, 42 entries	reference sequences	Host genomes (gz, verified assemblies), Tamarin (zip, verified), 11+ viral targets, C-RVDBv29.gz, v25-era seqid2taxid.map	counterpart of /mnt/usersData/ADVTIG_fa	NCBI	source	High	No .mmi/.tsv panels; no NL63; no lambda	n/a	n/a	n/a	n/a
[external] /mnt/e/SequencingData/BlastN_libraries/NCBI_RVDB/virus_RVDBs/U-RVDBvCurrent.fasta	FASTA	5.43 GB (mtime 2020-01-09)	viral reference database source	Candidate source of mini-u-viral2 (URVDB.md L50); also contains NC_005831.2 (NL63)	URVDB.md (same sub-path)	RVDB	source	Critical	Snapshot identity unverified (expect 2,957,858 headers if it is the one tabulated in URVDB.md); copy also in /mnt/d/Dropbox/Data/ViralDB/	n/a	n/a	n/a	n/a
[external] /mnt/e/SequencingData/genbank/{nucl_gb.accession2taxid, taxonomy/names.dmp, nodes.dmp}	taxonomy / accession map	11.9 GB + dumps (2023-07-17)	taxonomy resource	Inputs to RVDB2_seqID.map and centrifuge-build	URVDB.md	NCBI	source	High	Snapshot used historically unknown	n/a	n/a	n/a	n/a
[external] /mnt/d/Dropbox/AA SMART/fourier_data/prior_runs/ecoli-lambda-phage.fasta	FASTA	3,560 bp	control reference	Candidate lambda DNA control strand (DNA_CS)	(name matches protocol)	—	source	Medium	Provenance unverified; not NC_001416.1 genome	n/a	n/a	n/a	n/a
[external] /mnt/e/SequencingData/ADVTIG_primary/	CSV/XLSX	22 MB	historical outputs	Fourth-Pass -2/v3/v4, Fifth-Pass (15percentED, 03-09), Deduplicated counts, reviewer workbooks	Seq commands.md:2991 (rsync)	—	generated	High	Validation baseline; suffixes manual; spreadsheet filters only	n/a	n/a	n/a	n/a
[external] /mnt/e/SequencingData/ADVTIG/	derived analysis tree	7.2 GB	historical derived data	2023 C-RVDBv25-era NanoPlot, mpileups, Recentrifuge, subset FASTQs; NanoPlot logs record raw read paths	—	—	generated	Medium	No raw reads, no trimmed/, no mini-u-viral2 reports	n/a	n/a	n/a	n/a
[external] /mnt/f/ubuntu_backup.tar; /mnt/d/WSL_Backups/ubuntu.vhdx	WSL root backups	213 GB; 500 GB	backup (unsearched)	Possible location of /mnt/usersData and /home/james (raw reads, indexes, panel FASTAs)	—	—	unknown	Critical	Not searched in this audit	n/a	n/a	n/a	n/a
audit/static_validation.py	Python 3 script	~16 KB	audit tooling	Static usability checks: compile, import resolution, isolated argparse reconstruction, documented-command parsing, bash -n, cross-stage names	WORKFLOW_INVENTORY.md §21	none (stdlib only)	source	Medium	Extended 2026-10-02 (B3/B4): §4 classifies CURRENT (uncommented ADVTIG-protocol.md) vs HISTORICAL (commented lines + URVDB.md log) and prints HFAIL for historical failures with a summary; §6 adds explicit stage 6 -> 7 filename agreement; new §8 targeted B3/B4 checks incl. real `run_coverage.py --help` with third-party imports stubbed. No existing check removed or relaxed; 2026-10-02 CLI decision: §8 now checks --edit-distance/-x interface, default 0.15, '-e' rejected, and scans that no CURRENT run_coverage command uses -e and all pass --edit-distance 0.15	n/a	n/a	n/a	n/a
audit/static_validation_results.txt	text	~17 KB	audit evidence	Output of static_validation.py at 2026-10-01	WORKFLOW_INVENTORY.md §21	none	generated	Medium	42 FAIL lines: 37 run_coverage.py invocations, 2 historical deep_cov -dd -e, 1 commented deep_cov without args, URVDB.md bash -n failure, (+ parser failure line)	n/a	n/a	n/a	n/a
USABILITY_BLOCKERS.tsv	TSV	~4 KB	audit evidence	Blocker list B1-B13 with class and minimum change	WORKFLOW_INVENTORY.md §21	none	generated	High	Verdict: NOT YET USABLE	n/a	n/a	n/a	n/a
pipeline/__init__.py	Python module	0 B	source code	Stage-1 module	package marker for `from pipeline import ...`	stdlib/pandas/numpy as applicable	source	High	Copied 2026-10-02 unchanged; sha256 e3b0c44298fc1c14…; empty file	/mnt/d/GitHub/SMART-CAMP/pipeline/__init__.py	SMART-CAMP	HEAD 65a94b3a (last changed d237e129)	yes
pipeline/Convert_U2T_fastq.py	Python module	3,140 B	source code	Stage-1 module	mp_metagenomic_assessment_v4.py L27	stdlib/pandas/numpy as applicable	source	High	Copied 2026-10-02 unchanged; sha256 54bde4fb8bdac730…	/mnt/d/GitHub/SMART-CAMP/pipeline/Convert_U2T_fastq.py	SMART-CAMP	HEAD 65a94b3a (last changed 57f47b92)	yes
pipeline/bespoke_parse_map_reads.py	Python module	9,718 B	source code	map_genome_to_reads.py helper	pipeline/map_genome_to_reads.py L22	pandas	source	High	Copied 2026-10-02 unchanged; sha256 a0610da1a95a19f8…	/mnt/d/GitHub/SMART-CAMP/pipeline/bespoke_parse_map_reads.py	SMART-CAMP	HEAD 65a94b3a (last changed d1d06b9d)	yes
pipeline/cat_nanostats.py	Python module	2,781 B	source code	Stage-1 module	pipeline/dep_run_nanostat_analyses.py L9	stdlib/pandas/numpy as applicable	source	High	Copied 2026-10-02 unchanged; sha256 921f0b73d17a032a…	/mnt/d/GitHub/SMART-CAMP/pipeline/cat_nanostats.py	SMART-CAMP	HEAD 65a94b3a (last changed 4fbec5e6)	yes
pipeline/database_config.py	Python module	5,264 B	source code	Stage-1 module	mp_metagenomic_assessment_v4.py L27; pipeline/dep_flat_sample_classifier_test.py L11	stdlib/pandas/numpy as applicable	source	High	Copied 2026-10-02 unchanged; sha256 d1667d68d89377bf…	/mnt/d/GitHub/SMART-CAMP/pipeline/database_config.py	SMART-CAMP	HEAD 65a94b3a (last changed cdab6e94)	yes
pipeline/dep_flat_sample_classifier_test.py	Python module	23,462 B	source code	Stage-1 module	mp_metagenomic_assessment_v4.py L27	stdlib/pandas/numpy as applicable	source	High	Copied 2026-10-02 unchanged; sha256 3bcbd7b07d7ab099…	/mnt/d/GitHub/SMART-CAMP/pipeline/dep_flat_sample_classifier_test.py	SMART-CAMP	HEAD 65a94b3a (last changed 8f9dc1b3)	yes
pipeline/dep_pre_chunker.py	Python module	8,552 B	source code	Stage-1 module	pipeline/mp_demux_reads.py L16; pipeline/mp_trim_reads_v2.py L19	stdlib/pandas/numpy as applicable	source	High	Copied 2026-10-02 unchanged; sha256 6824ab295e5c0230…	/mnt/d/GitHub/SMART-CAMP/pipeline/dep_pre_chunker.py	SMART-CAMP	HEAD 65a94b3a (last changed 83037469)	yes
pipeline/dep_run_nanostat_analyses.py	Python module	6,624 B	source code	Stage-1 module	mp_metagenomic_assessment_v4.py L27	stdlib/pandas/numpy as applicable	source	High	Copied 2026-10-02 unchanged; sha256 fc5ed81b8ed930e9…	/mnt/d/GitHub/SMART-CAMP/pipeline/dep_run_nanostat_analyses.py	SMART-CAMP	HEAD 65a94b3a (last changed b6cf93fc)	yes
pipeline/find_barcode_reads_for_QC.py	Python module	3,565 B	source code	Stage-1 module	pipeline/dep_run_nanostat_analyses.py L9	stdlib/pandas/numpy as applicable	source	High	Copied 2026-10-02 unchanged; sha256 293ba7531d4d18ec…	/mnt/d/GitHub/SMART-CAMP/pipeline/find_barcode_reads_for_QC.py	SMART-CAMP	HEAD 65a94b3a (last changed 3758dddd)	yes
pipeline/guppy_demux.py	Python module	3,737 B	source code	Stage-1 module	mp_metagenomic_assessment_v4.py L27	stdlib/pandas/numpy as applicable	source	High	Copied 2026-10-02 unchanged; sha256 e045081033e1ff2f…	/mnt/d/GitHub/SMART-CAMP/pipeline/guppy_demux.py	SMART-CAMP	HEAD 65a94b3a (last changed fa1d8406)	yes
pipeline/map_genome_to_reads.py	Python module	39,255 B	source code	Canonical lambda/control mapping QC side-branch (stage 1b)	ADVTIG-protocol.md L44-45 (./pipeline/map_genome_to_reads.py)	bespoke_parse_map_reads.py, pre_trim_fq.py (pipeline/, present); pandas; minimap2; samtools; lambda FASTA	source	High	Copied 2026-10-02 unchanged; sha256 f445a1a640b8eeb6…; canonical copy; root map_genome_to_reads.py is a duplicate	/mnt/d/GitHub/SMART-CAMP/pipeline/map_genome_to_reads.py	SMART-CAMP	HEAD 65a94b3a (last changed b16899bb)	yes
pipeline/mp_cent_interpreter_v3.py	Python module	4,321 B	source code	Stage-1 module	mp_metagenomic_assessment_v4.py L27	stdlib/pandas/numpy as applicable	source	High	Copied 2026-10-02 unchanged; sha256 78efc48cf41bd7f8…	/mnt/d/GitHub/SMART-CAMP/pipeline/mp_cent_interpreter_v3.py	SMART-CAMP	HEAD 65a94b3a (last changed 50fe201a)	yes
pipeline/mp_comb_ce_BN_v3.py	Python module	8,670 B	source code	Stage-1 module	mp_metagenomic_assessment_v4.py L27	stdlib/pandas/numpy as applicable	source	High	Copied 2026-10-02 unchanged; sha256 3be89f5e53b3e868…	/mnt/d/GitHub/SMART-CAMP/pipeline/mp_comb_ce_BN_v3.py	SMART-CAMP	HEAD 65a94b3a (last changed dd81b06f)	yes
pipeline/mp_demux_reads.py	Python module	9,275 B	source code	Stage-1 module	mp_metagenomic_assessment_v4.py L27	stdlib/pandas/numpy as applicable	source	High	Copied 2026-10-02 unchanged; sha256 393a50509d697fa7…	/mnt/d/GitHub/SMART-CAMP/pipeline/mp_demux_reads.py	SMART-CAMP	HEAD 65a94b3a (last changed 619d90e1)	yes
pipeline/mp_host_remove.py	Python module	22,655 B	source code	Stage-1 module	mp_metagenomic_assessment_v4.py L27	stdlib/pandas/numpy as applicable	source	High	Copied 2026-10-02 unchanged; sha256 59c2266076119998…	/mnt/d/GitHub/SMART-CAMP/pipeline/mp_host_remove.py	SMART-CAMP	HEAD 65a94b3a (last changed 0154a078)	yes
pipeline/mp_trim_reads_v2.py	Python module	13,017 B	source code	Stage-1 module	mp_metagenomic_assessment_v4.py L27	stdlib/pandas/numpy as applicable	source	High	Copied 2026-10-02 unchanged; sha256 191e275a61715e23…	/mnt/d/GitHub/SMART-CAMP/pipeline/mp_trim_reads_v2.py	SMART-CAMP	HEAD 65a94b3a (last changed 9ea2537c)	yes
pipeline/pre_trim_fq.py	Python module	3,229 B	source code	map_genome_to_reads.py helper	pipeline/map_genome_to_reads.py L22	stdlib	source	High	Copied 2026-10-02 unchanged; sha256 5ebd84a64c57d648…	/mnt/d/GitHub/SMART-CAMP/pipeline/pre_trim_fq.py	SMART-CAMP	HEAD 65a94b3a (last changed 62418d33)	yes
pipeline/rank_BLAST_predictions_for_aa_v2.py	Python module	4,318 B	source code	Stage-1 module	pipeline/mp_comb_ce_BN_v3.py L16	stdlib/pandas/numpy as applicable	source	High	Copied 2026-10-02 unchanged; sha256 a05dc662432755a5…	/mnt/d/GitHub/SMART-CAMP/pipeline/rank_BLAST_predictions_for_aa_v2.py	SMART-CAMP	HEAD 65a94b3a (last changed 62418d33)	yes
pipeline/rank_centrifuge_predictions_for_aa_v2.py	Python module	4,110 B	source code	Stage-1 module	mp_metagenomic_assessment_v4.py L27	stdlib/pandas/numpy as applicable	source	High	Copied 2026-10-02 unchanged; sha256 4e22a336492086c0…	/mnt/d/GitHub/SMART-CAMP/pipeline/rank_centrifuge_predictions_for_aa_v2.py	SMART-CAMP	HEAD 65a94b3a (last changed 62418d33)	yes
pipeline/sample_name_sanity_check.py	Python module	1,522 B	source code	Stage-1 module	mp_metagenomic_assessment_v4.py L27	stdlib/pandas/numpy as applicable	source	High	Copied 2026-10-02 unchanged; sha256 98671ad90f568bca…	/mnt/d/GitHub/SMART-CAMP/pipeline/sample_name_sanity_check.py	SMART-CAMP	HEAD 65a94b3a (last changed 62418d33)	yes
pipeline/updated_blastn_interpreter_v2.py	Python module	12,428 B	source code	Stage-1 module	pipeline/dep_flat_sample_classifier_test.py L11	stdlib/pandas/numpy as applicable	source	High	Copied 2026-10-02 unchanged; sha256 72451a10f4a013ed…	/mnt/d/GitHub/SMART-CAMP/pipeline/updated_blastn_interpreter_v2.py	SMART-CAMP	HEAD 65a94b3a (last changed 2400b8ec)	yes
q_control/adjust_q_scores.py	Python module	1,985 B	source code	Stage-1 read QC module	mp_metagenomic_assessment_v4.py L33	stdlib/pandas/numpy as applicable	source	High	Copied 2026-10-02 unchanged; sha256 288562d88bcb19ce…	/mnt/d/GitHub/SMART-CAMP/q_control/adjust_q_scores.py	SMART-CAMP	HEAD 65a94b3a (last changed 073a98fe)	yes
q_control/filter_q.py	Python module	1,703 B	source code	Stage-1 read QC module	mp_metagenomic_assessment_v4.py L33	stdlib/pandas/numpy as applicable	source	High	Copied 2026-10-02 unchanged; sha256 1bfeb41b05e6fdfb…	/mnt/d/GitHub/SMART-CAMP/q_control/filter_q.py	SMART-CAMP	HEAD 65a94b3a (last changed b6207bb1)	yes
configs/viral_DNA_all9-2.txt	CSV/TXT sample sheet	251 B	configuration	ADVTIG sample definitions	ADVTIG-protocol.md; URVDB.md	none	source	High	Copied 2026-10-02 unchanged; sha256 f8d792868e3dc449…	/mnt/d/GitHub/SMART-CAMP/configs/viral_DNA_all9-2.txt	SMART-CAMP	HEAD 65a94b3a (last changed 972e8db6)	yes
configs/viral_DNA_all9-2.csv	CSV/TXT sample sheet	681 B	configuration	ADVTIG sample definitions	ADVTIG-protocol.md; URVDB.md	none	source	High	Copied 2026-10-02 unchanged; sha256 41ad32a2dd3aed35…	/mnt/d/GitHub/SMART-CAMP/configs/viral_DNA_all9-2.csv	SMART-CAMP	HEAD 65a94b3a (last changed 0de43abe)	yes
configs/viral_DNA_all9-2-1.csv	CSV/TXT sample sheet	206 B	configuration	ADVTIG sample definitions	URVDB.md L251-268 (run_coverage subsets)	none	source	High	Copied 2026-10-02 unchanged; sha256 24676449b5f3a5ae…	/mnt/d/GitHub/SMART-CAMP/configs/viral_DNA_all9-2-1.csv	SMART-CAMP	HEAD 65a94b3a (last changed a1012075)	yes
configs/viral_DNA_all9-2-4.csv	CSV/TXT sample sheet	491 B	configuration	ADVTIG sample definitions	URVDB.md L251-268 (run_coverage subsets)	none	source	High	Copied 2026-10-02 unchanged; sha256 6507268bf8b92509…	/mnt/d/GitHub/SMART-CAMP/configs/viral_DNA_all9-2-4.csv	SMART-CAMP	HEAD 65a94b3a (last changed b53f0bba)	yes
configs/viral_DNA_all9-2-5.csv	CSV/TXT sample sheet	224 B	configuration	ADVTIG sample definitions	URVDB.md L251-268 (run_coverage subsets)	none	source	High	Copied 2026-10-02 unchanged; sha256 36a97f3fbf7de1b4…	/mnt/d/GitHub/SMART-CAMP/configs/viral_DNA_all9-2-5.csv	SMART-CAMP	HEAD 65a94b3a (last changed 0e7689d5)	yes
configs/viral_DNA_all9-2-5.txt	CSV/TXT sample sheet	251 B	configuration	ADVTIG sample definitions	none directly (companion TXT form of referenced 9-2-5/-6 CSV)	none	source	High	Copied 2026-10-02 unchanged; sha256 f8d792868e3dc449…; content identical to configs/viral_DNA_all9-2.txt (duplicate in source, preserved)	/mnt/d/GitHub/SMART-CAMP/configs/viral_DNA_all9-2-5.txt	SMART-CAMP	HEAD 65a94b3a (last changed a2753ec5)	yes
configs/viral_DNA_all9-2-6.csv	CSV/TXT sample sheet	224 B	configuration	ADVTIG sample definitions	URVDB.md L251-268 (run_coverage subsets)	none	source	High	Copied 2026-10-02 unchanged; sha256 84b4ca20fce20098…	/mnt/d/GitHub/SMART-CAMP/configs/viral_DNA_all9-2-6.csv	SMART-CAMP	HEAD 65a94b3a (last changed 0e7689d5)	yes
configs/viral_DNA_all9-2-6.txt	CSV/TXT sample sheet	251 B	configuration	ADVTIG sample definitions	none directly (companion TXT form of referenced 9-2-5/-6 CSV)	none	source	High	Copied 2026-10-02 unchanged; sha256 f8d792868e3dc449…; content identical to configs/viral_DNA_all9-2.txt (duplicate in source, preserved)	/mnt/d/GitHub/SMART-CAMP/configs/viral_DNA_all9-2-6.txt	SMART-CAMP	HEAD 65a94b3a (last changed a2753ec5)	yes
configs/viral_DNA_all16-2.txt	CSV/TXT sample sheet	279 B	configuration	Viral_FDA sample definitions (5 samples)	ADVTIG-protocol.md L44,102-140	none	source	High	Copied 2026-10-02 unchanged; sha256 7d9391889b99ce8c…	/mnt/d/GitHub/SMART-CAMP/configs/viral_DNA_all16-2.txt	SMART-CAMP	HEAD 65a94b3a (last changed 8288c417)	yes
configs/viral_DNA_all16-2.csv	CSV/TXT sample sheet	824 B	configuration	Viral_FDA sample definitions (5 samples)	ADVTIG-protocol.md L44,102-140	none	source	High	Copied 2026-10-02 unchanged; sha256 ffd81db1e6bbd4be…	/mnt/d/GitHub/SMART-CAMP/configs/viral_DNA_all16-2.csv	SMART-CAMP	HEAD 65a94b3a (last changed d8649b03)	yes
Pipfile	Pipenv environment metadata	294 B	environment	Historical SMART-CAMP environment (py3.10, pandas 1.4.3, numpy 1.23, biopython 1.85; no pysam)	none	none	source	Medium	Copied 2026-10-02 unchanged; sha256 4ce2b104f1a5f513…; known incomplete (no pysam, no CLI tools) — not corrected (B6)	/mnt/d/GitHub/SMART-CAMP/Pipfile	SMART-CAMP	HEAD 65a94b3a (last changed 2a305ed9)	yes
Pipfile.lock	Pipenv environment metadata	212,630 B	environment	Historical SMART-CAMP environment (py3.10, pandas 1.4.3, numpy 1.23, biopython 1.85; no pysam)	none	none	source	Medium	Copied 2026-10-02 unchanged; sha256 b8543dbf7fce4bd4…; known incomplete (no pysam, no CLI tools) — not corrected (B6)	/mnt/d/GitHub/SMART-CAMP/Pipfile.lock	SMART-CAMP	HEAD 65a94b3a (last changed 2a305ed9)	yes
CONFIGURATION-FILE-INPUTS.txt	text	7,421 B	documentation / configuration support	Sample-sheet column schema and output read-me	none (describes configs/ columns)	none	source	Medium	Copied 2026-10-02 unchanged; sha256 7501ed1bc6123a7b…	/mnt/d/GitHub/SMART-CAMP/CONFIGURATION-FILE-INPUTS.txt	SMART-CAMP	HEAD 65a94b3a (last changed e5360b0c)	yes
audit/packaging_import_check.py	Python 3 script	~6 KB	audit tooling	Runtime-faithful import resolution (importlib.util.find_spec, sys.path as at runtime) from each entry point; supplements static_validation.py §2	WORKFLOW_INVENTORY.md §22	none (stdlib only)	source	Medium	Rerun: python3 audit/packaging_import_check.py > audit/packaging_import_check_results.txt; executes no workflow code	n/a	n/a	n/a	n/a
audit/packaging_import_check_results.txt	text	~5 KB	audit evidence	Output of packaging_import_check.py at 2026-10-02	WORKFLOW_INVENTORY.md §22	none	generated	Medium	OVERALL PASS for canonical entry points; root map_genome_to_reads.py FAIL (misplaced duplicate)	n/a	n/a	n/a	n/a
audit/static_validation_results_packaging.txt	text	~21 KB	audit evidence	Output of unchanged static_validation.py rerun after packaging (2026-10-02)	WORKFLOW_INVENTORY.md §22	none	generated	Medium	Same 42 FAIL lines as 2026-10-01 (run_coverage parser etc.); §2 now resolves mp imports; §2 MISS lines for pipeline-internal imports are a checker limitation (see §22)	n/a	n/a	n/a	n/a
audit/static_validation_results_b3b4.txt	text	~23 KB	audit evidence	Output of static_validation.py after B3/B4 fixes (2026-10-02)	WORKFLOW_INVENTORY.md §23	none	generated	High	1 FAIL line only (pre-existing URVDB.md bash -n, unrelated); §4 CURRENT 41 OK / 0 FAIL; HISTORICAL 26 OK / 18 HFAIL (classified); §6 and §8 all OK	n/a	n/a	n/a	n/a
audit/static_validation_results_cli.txt	text	~23 KB	audit evidence	Output of static_validation.py after the --edit-distance/-x CLI decision (2026-10-02)	WORKFLOW_INVENTORY.md §24	none	generated	High	1 FAIL line only (pre-existing URVDB.md bash -n); §4 CURRENT 41 OK / 0 FAIL; HISTORICAL 26 OK / 18 HFAIL; §8 all 19 checks OK	n/a	n/a	n/a	n/a
