Reference Source	Referenced Resource	Resource Type	Referenced Path	Resolved Location	Status	Expected Producer	Evidence	Migration Impact
ADVTIG-protocol.md L15,24,102	Stage-1 script	script	~/SMART-CAMP/mp_metagenomic_assessment_v4.py	./mp_metagenomic_assessment_v4.py (copy); /mnt/d/GitHub/SMART-CAMP/	Present but at a different path from the path referenced	n/a	md5 identical	Resolved; invoke path must change
mp_metagenomic_assessment_v4.py L27-33	pipeline.* (12) and q_control.* (2) modules + second-level dep_pre_chunker, updated_blastn_interpreter_v2, rank_BLAST_predictions_for_aa_v2, cat_nanostats, find_barcode_reads_for_QC	Python package	pipeline/, q_control/ (relative to script)	/mnt/d/GitHub/SMART-CAMP/pipeline/, q_control/ (not in copy)	Present but at a different path from the path referenced	n/a	recursive import trace; all present	Critical: copy raises ImportError until copied
ADVTIG-protocol.md L44-45	map_genome_to_reads.py	script	./pipeline/map_genome_to_reads.py	./map_genome_to_reads.py (repo root); SMART-CAMP pipeline/	Present but at a different path from the path referenced	n/a	md5 identical	Medium: wrong location
map_genome_to_reads.py L22	bespoke_parse_map_reads.py, pre_trim_fq.py	Python module	sibling of script	/mnt/d/GitHub/SMART-CAMP/pipeline/ (not in copy)	Present but at a different path from the path referenced	n/a	import statement	Medium
deep_cov.py L15	run_coverage functions	Python module	run_coverage	ADVTIG-untargeted/run_coverage.py	Present within the copied workflow	n/a	import works (parser built only under __main__)	Low
ADVTIG-protocol.md L59-62,106-109	run_coverage.py CLI accepting '-e 0.15' with extract/align/stats/label modes	script revision	ADVTIG-untargeted/run_coverage.py	none in 228 committed revisions; HEAD 1c782e3e conflicts; aff9daba works with old protocol form at ED 0.10	Not present and apparently missing	n/a (never committed)	git history scan; argparse test	High: CLI fix needed; intent inferable from deep_cov's -e/-x pattern (1c782e3e); forensic search of backups/autosaves blocked
collect_taxid_primary_counts.py L91,179	MetaFilt-Fourth-Pass.csv producer	script	(none named)	count_the_screen.py --skip at dc1ef791..e4617a07 (renamed to Fifth-Pass in a68d1880)	Expected to be generated by an earlier workflow stage	count_the_screen.py --skip	git log -S 'Fourth-Pass'; 100% rule match to historical files	Medium: name inconsistency in current code (decision)
ADVTIG-untargeted/URVDB.md L173; run_coverage db dict	split_fa.py configuration producing URVDB_split_fa + index JSON	script revision	ADVTIG-untargeted/split_fa.py	git: SMART-CAMP 7f6e9993 (2025-01-17); current file configured for PLSDB	Present but at a different path from the path referenced	n/a	git history	High: must recover that revision's settings
counter_screen.py L46; count_the_screen.py L26	glue.py	script (help text only)	glue.py	/home/mangifera/methylfilter/Power/glue.py	Present but at a different path from the path referenced	n/a	not imported; help text copied from methylfilter light_fast_aligner.py	None: not a dependency
all stages	Sample sheets viral_DNA_all9-2.{txt,csv}, -1/-4/-5/-6.csv, viral_DNA_all16-2.{txt,csv}	configuration	/home/james/SMART-CAMP/configs/...	/mnt/d/GitHub/SMART-CAMP/configs/	Present but at a different path from the path referenced	n/a	existence; headers read	Critical: copy into repo
(implicit)	Python environment	environment	n/a	SMART-CAMP Pipfile/Pipfile.lock (py3.10, pandas 1.4.3, numpy 1.23, biopython 1.85; no pysam)	Present but at a different path from the path referenced	n/a	file read	High: incomplete (pysam, CLI tools)
all stages	CLI tools centrifuge, porechop, NanoPlot, minimap2, samtools, rg, GNU awk	software	PATH	only rg installed here; historical versions unrecorded (minimap2 2.17/2.24, samtools 1.17 downloads, NanoPlot 1.30.0 in logs)	Expected to be supplied as runtime input	n/a	which; Seq commands.md; NanoPlot logs	High
mp_metagenomic_assessment_v4.py; mp_trim_reads_v2.py L147-153	ADVTIG raw ONT reads (6 samples) + sequencing_summary	FASTQ (single-end ONT R9.4.1)	{DIR}/{sample}/{run}/fastq_pass/*.fastq[.gz] e.g. /mnt/usersData/ADVTIG/20230119_DNA_advtig-Rep1B-E50_10CFU_41_36/20230119_1550_X4_FAU43076_901473ea/	not found; only derived outputs on /mnt/e/SequencingData/ADVTIG and Dropbox; possibly in unsearched WSL backups	Referenced through an absolute external path (unavailable)	sequencing run	NanoPlot logs record exact paths; name search all drives	Critical
viral_DNA_all16-2 sheets	Viral_FDA 20240216 WHO-colab2 raw reads (5 samples)	FASTQ	/mnt/usersData/Viral_FDA/...	no trace on any drive (Dropbox Viral_FDA is a different 20231019 run)	Not present and apparently missing	sequencing run	name search	High if Viral_FDA in scope
run_coverage.py L686; deep_cov	Trimmed FASTQ	FASTQ	{DIR}/analysis/sample_data/{s}/trimmed/trimmed_{s}.fastq	not found	Expected to be generated by an earlier workflow stage	Stage 1 (porechop)	code trace	Regenerable only with raw reads
run_coverage.py L288; deep_cov.py L145	Centrifuge troubleshooting reports (mini-u-viral2)	TSV	{DIR}/analysis/sample_data/{s}/centrifuge/{s}_mini-u-viral2_centrifuge_troubleshooting_report.tsv	not found (only C-RVDBv25-era derivatives survive)	Expected to be generated by an earlier workflow stage	Stage 1 (centrifuge)	code trace; searches	Regenerable only with raw reads + index
dep_flat_sample_classifier_test.py L306,324-341	Centrifuge index mini-u-viral2 (.1/.2/.3[/.4].cf)	Centrifuge index	{-ci}/mini-u-viral2 (-ci ~/SequencingData/Centrifuge_libraries/viral/)	no RVDB .cf anywhere searched	Expected to be generated by an earlier workflow stage	centrifuge-build (URVDB.md L97-107)	find *.cf	Critical: rebuildable functionally; exact only if snapshot/version match
URVDB.md L50	U-RVDB source FASTA (vCurrent)	viral reference FASTA	/home/james/SequencingData/NCBI_RVDB/virus_RVDBs/U-RVDBvCurrent.fasta	/mnt/e/SequencingData/BlastN_libraries/NCBI_RVDB/virus_RVDBs/U-RVDBvCurrent.fasta (5.43 GB, 2020-01-09); Dropbox copy	Present but at a different path from the path referenced	RVDB download	same sub-path; name match	Critical: identity unverified (header count 2,957,858 test pending)
URVDB.md L53-62; database_config.py L61-63	U-RVDB-clean-fix2.fasta	viral reference FASTA	/mnt/usersData/NCBI_RVDB/virus_RVDBs/U-RVDB-clean-fix2.fasta	absent	Expected to be generated by an earlier workflow stage	awk recipe URVDB.md L53-62	code/doc	Regenerable from vCurrent
run_coverage.py L1254; URVDB.md L18,102	RVDB2_seqID.map	accession->taxid map	/mnt/usersData/RVDB2/RVDB2_seqID.map	absent; source nucl_gb.accession2taxid at /mnt/e/SequencingData/genbank/ (2023-07-17)	Expected to be generated by an earlier workflow stage	awk on nucl_gb.accession2taxid (URVDB.md L18)	existence	Regenerable; historical snapshot date unknown
URVDB.md L33-34,95-96	NCBI taxonomy nodes.dmp / names.dmp	taxonomy	{...}/Centrifuge_libraries/viral/taxonomy/	/mnt/e/SequencingData/genbank/taxonomy/ (2023-07-17); /mnt/e/SequencingData/BlastN_libraries/RVDBs/ (2023-04-20)	Present but at a different path from the path referenced	NCBI taxdump	existence	Historical snapshot unknown
run_coverage.py L1422,1424; deep_cov.py L502,504	fixed_URVDB_seqID2.map	seqID->name map	/mnt/usersData/NCBI_RVDB/virus_RVDBs/fixed_URVDB_seqID2.map	absent	Expected to be generated by an earlier workflow stage	awk URVDB.md L72-91 from vCurrent	code/doc	Regenerable from vCurrent
run_coverage.py L673,962; deep_cov.py L457	URVDB_split_fa/ (one FASTA per sequence)	FASTA collection	/mnt/usersData/NCBI_RVDB/virus_RVDBs/URVDB_split_fa/	absent	Expected to be generated by an earlier workflow stage	split_fa.py @7f6e9993	git history	Regenerable (millions of files)
run_coverage.py L1423; deep_cov.py L503	U-RVDB-clean-fix2-index.json	index (JSON)	/mnt/usersData/NCBI_RVDB/virus_RVDBs/U-RVDB-clean-fix2-index.json	absent	Expected to be generated by an earlier workflow stage	split_fa.py @7f6e9993	git history	Regenerable
ADVTIG_fa/centrifuge-build (unreferenced)	seqid2taxid.map (8.08M lines, acc| prefix)	accession map	(not referenced by name)	/mnt/e/SequencingData/ADVTIG_fa/centrifuge-build/seqid2taxid.map	Unable to determine	unknown (v25-era unclustered RVDB, 2023)	content inspection	Not the RVDB2_seqID.map; reference only
counter_screen.py L21	ADV5.mmi	minimap2 index	/mnt/usersData/ADVTIG_fa/ADV5.mmi	absent; source ADV5.fa (AY339865.1) at /mnt/e/SequencingData/ADVTIG_fa/	Expected to be generated by an earlier workflow stage	minimap2 -d (command not recorded)	listing	Rebuildable from identified FASTA
counter_screen.py L22; protocol L154-160	all_mammalian.fa / .mmi	composite FASTA / minimap2 index	/mnt/usersData/ADVTIG_fa/all_mammalian.{fa,mmi}	absent; 5 host genomes present (gz/zip, assemblies verified)	Expected to be generated by an earlier workflow stage	cat recipe protocol L154-160; -d command not recorded	listing; header check	Probably rebuildable; large RAM
counter_screen.py L27; protocol L162-179	all_mammalian_targets.{fa,mmi}	composite	/mnt/usersData/ADVTIG_fa/all_mammalian_targets.*	absent; components present except NL63 (extractable)	Expected to be generated by an earlier workflow stage	cat recipe; -d not recorded	listing	Probably rebuildable; only old_combined (unused)
counter_screen.py L31; protocol L181-183	all_mammalian_targets2.{fa,mmi}	composite	/mnt/usersData/ADVTIG_fa/all_mammalian_targets2.*	absent; needs lambda NC_001416.1 file (candidate 3.56 kb Dropbox)	Expected to be generated by an earlier workflow stage	protocol L181-183 (recorded)	listing	Probably rebuildable; lambda version uncertain
protocol L177,227	HCoV-NL63 NC_005831.2	viral reference FASTA	/mnt/usersData/ADVTIG_fa/NC_005831.2_HCoV-NL63.fa	inside U-RVDBvCurrent.fasta and C-RVDBv21.0.fasta (E:)	Present but at a different path from the path referenced	extract + reheader	header grep	Recoverable
counter_screen.py L23; protocol L181,241-246; map_genome_to_reads L813	Lambda / DNA control strand FASTA + .mmi	control reference	/home/james/SequencingData/Centrifuge_libraries/ecoli-lambda-phage{,.NC_001416.1}.{fasta,mmi}	candidate /mnt/d/Dropbox/AA SMART/fourier_data/prior_runs/ecoli-lambda-phage.fasta (3,560 bp)	Present but at a different path from the path referenced	sed rename protocol L246; minimap2 -d L241	name search; header	Approximate (identity unverified)
counter_screen.py L25,28,32	mammalian_ref_species2.tsv	label TSV	/mnt/usersData/ADVTIG_fa/mammalian_ref_species2.tsv	absent	Expected to be generated by an earlier workflow stage	protocol L185-252 (two conflicting recipes)	doc; historical columns include both AF038600_1 and DNA_CS	Rebuildable; recipe needs decision (evidence favours both rows)
counter_screen.py L34-35; count_the_screen.py L473	viral-input-sequences.{fna,mmi,tsv}	minimap2 index + TSV + source FASTA	/home/james/SequencingData/Centrifuge_libraries/viral/viral_input-sequences.fna -> /mnt/usersData/ADVTIG_fa/viral-input-sequences.*	source absent everywhere searched	Not present and apparently missing	protocol L256-271	name search	High: source missing; substitute requires decision
counter_screen.py L37-38; count_the_screen.py L474	bacterial-input-sequences.{fna,mmi,tsv}	minimap2 index + TSV + source FASTA	/home/james/SequencingData/Centrifuge_libraries/v_f_b/ss_bacteria_sequences.fna -> /mnt/usersData/ADVTIG_fa/bacterial-input-sequences.*	source absent everywhere searched	Not present and apparently missing	protocol L290-305	name search	High: source missing
protocol L155-159	Host genomes Cat/Human/Monkey/Pig (.fa)	host reference FASTA	/mnt/usersData/ADVTIG_fa/*_genomic.fa	/mnt/e/SequencingData/ADVTIG_fa/*_genomic.fa.gz (gzip OK; assemblies match)	Present but at a different path from the path referenced	NCBI	header + integrity check	Decompress
protocol L159; map_genome_to_reads L703	Tamarin GCA_021498475.1 genomic.fna	host reference FASTA	ADVTIG_fa/GCA_021498475.1_ASM2149847v1/ncbi_dataset/data/... (protocol) vs ADVTIG_fa/GCA_..._genomic.fna (map_genome)	inside /mnt/e/SequencingData/ADVTIG_fa/Tamarin_GCA_021498475.1.zip (tested OK)	Present but at a different path from the path referenced	NCBI datasets	unzip -l / -t	Extract to decided path
protocol L168-178; map_genome_to_reads	Viral targets (ADV5, EBV, FeLV, FeLV-KT, PCV1, RSV-A, REOvirus, NC_001510.1, NC_001514.1, AF038600.1, NC_006213.1, REO1_*)	viral reference FASTA	/mnt/usersData/ADVTIG_fa/...	/mnt/e/SequencingData/ADVTIG_fa/	Present but at a different path from the path referenced	NCBI	headers read	Copy
map_genome_to_reads L666-672	EBV/PCV1 doubled/split variants (.5/.6 names)	viral reference FASTA	/mnt/usersData/ADVTIG_fa/EBV_V01555.5_doubled.fa etc.	present as .2-named files (content verified)	Present but at a different path from the path referenced	n/a	header/sequence compare	Rename
map_genome_to_reads L700	Human_hg38_p14_Primary_Assembly.fasta	host reference FASTA	/mnt/usersData/ADVTIG_fa/Human_hg38_p14_Primary_Assembly.fasta	absent	Not present and apparently missing	unknown filter of GRCh38.p14	listing	Low (side branch); approximate
run_coverage; deep_cov; filt_low_complexity; counter_screen; collect_taxid	Per-seqID alignments (sam/bam/mpileup/editdist)	BAM/SAM/TSV	{DIR}/map-ont/{s}/{seqID}/...	absent	Expected to be generated by an earlier workflow stage	Stage 2/3	code	Regenerable with inputs; protocol deletes SAM/BAM
collect_taxid_primary_counts.py L91	MetaFilt-Fourth-Pass.csv	CSV	/mnt/usersData/ADVTIG_v3_untargeted/MetaFilt-Fourth-Pass.csv	historical versions /mnt/e/SequencingData/ADVTIG_primary/MetaFilt-Fourth-Pass_v4.csv (+ Prior analyses v3, ADVTWG -2)	Expected to be generated by an earlier workflow stage	count_the_screen.py --skip (historical name)	git; 100% rule match	Decision: Fourth vs Fifth name/version
summarise_urvdb.py L62-63	FIRST/SECOND pass CSVs	CSV	/mnt/e/SequencingData/ADVTIG_primary/*.csv	/mnt/e/SequencingData/ADVTIG_primary/Prior analyses/	Present but at a different path from the path referenced	earlier run_coverage	listing	Low
(validation)	Historical baselines	CSV/XLSX	n/a	/mnt/e/SequencingData/ADVTIG_primary/ (Fourth v4, Fifth 15percentED, Fifth 03-09, Dedup v4)	Present but at a different path from the path referenced	historical runs	git date matching	Decision: authoritative baseline
(possible source)	WSL backups	archive / disk image	/mnt/f/ubuntu_backup.tar; /mnt/d/WSL_Backups/ubuntu.vhdx	present, contents unsearched	Unable to determine	n/a	size/listing only	May contain raw reads, indexes, panel sources
